csv_category,nav_top_menu,nav_column,nav_item_matched,status
140mm Saw Blades & Diamond Cutting Discs,PIPE WELDING,Pipe Cutting & Preparation,Exact Pipe Saws,MAPPED
165mm Saw Blades & Diamond Cutting Discs,PIPE WELDING,Pipe Cutting & Preparation,Exact Pipe Saws,MAPPED
AMA Roller Pipe Stands,PIPE WELDING,Pipe Stands & Handling,Roller Stands,MAPPED
Air Angle Grinders,WELDING WORKSHOP,Air Tools & Compressors,Air Angle Grinders,MAPPED
Air Belt Sanders,WELDING WORKSHOP,Air Tools & Compressors,Air Sanders / Polishers,MAPPED
Air Compressor Hoses & Accessories,WELDING WORKSHOP,Air Tools & Compressors,Air Hoses & Accessories,MAPPED
Air Compressor Safety Cages,WELDING WORKSHOP,Air Tools & Compressors,Air Hoses & Accessories,MAPPED
Air Compressors,WELDING WORKSHOP,Air Tools & Compressors,[Parent],MAPPED
Air Die Grinders,WELDING WORKSHOP,Air Tools & Compressors,Air Die Grinders,MAPPED
Air Drills,WELDING WORKSHOP,Air Tools & Compressors,Air Drills,MAPPED
Air Fed Face Shields,SAFETY & PPE,Welding Helmets & Eye Protection,Air Fed Face Shields,MAPPED
Air Impact Wrenches,WELDING WORKSHOP,Air Tools & Compressors,Air Impact Wrenches,MAPPED
Air Line Hoses,WELDING WORKSHOP,Air Tools & Compressors,Air Hoses & Accessories,MAPPED
Air Needle Scalers,WELDING WORKSHOP,Air Tools & Compressors,Air Needle Scalers,MAPPED
Air Purifying Systems,FUME EXTRACTION,Kemper Filtration Systems,Kemper Air Purifying,MAPPED
Air Rachet Wrenches,WELDING WORKSHOP,Air Tools & Compressors,Air Ratchet Wrenches,MAPPED
Air Riveters,WELDING WORKSHOP,Air Tools & Compressors,Air Riveters,MAPPED
Air Sanders / Air Polishers,WELDING WORKSHOP,Air Tools & Compressors,Air Sanders / Polishers,MAPPED
Air Screwdrivers,WELDING WORKSHOP,Air Tools & Compressors,Air Screwdrivers,MAPPED
Air Tools,WELDING WORKSHOP,Air Tools & Compressors,[Parent],MAPPED
Air Tools & Compressors,WELDING WORKSHOP,Air Tools & Compressors,[Parent],MAPPED
Aluminium CD Weld Studs,ARC WELDING,Arc Welding Accessories,Weld Studs - Aluminium,MAPPED
Aluminium MIG Wire,MIG WELDING,MIG Welding Wire,Aluminium MIG Wire,MAPPED
Angle Grinder Discs,ABRASIVES,Cutting & Grinding Discs,[Parent],MAPPED
Anti-Spatter Spray,MIG WELDING,MIG Welding Accessories,Anti-Spatter Spray,MAPPED
Arc-Air Gouging Carbons,ARC WELDING,Arc Welding Accessories,Arc-Air Gouging Carbons,MAPPED
Arc/MMA Welders,ARC WELDING,Arc/MMA Welding Machines,[Parent],MAPPED
Ardrox NDT Aerosols,WELDING WORKSHOP,Welding Chemicals & Consumables,Welding Chemicals & Sprays,MAPPED
Ardrox NDT Products,WELDING WORKSHOP,Welding Chemicals & Consumables,Welding Chemicals & Sprays,MAPPED
Argon & Co2 Gas Heaters,GAS & OXY-FUEL,Gas Regulators & Delivery,[Sub-cat],MAPPED
Argon/Shielding Gas Hose,GAS & OXY-FUEL,"Gas Hoses, Fittings & Storage",Argon / Shielding Gas Hose,MAPPED
Auto Changeover Manifolds (2 x 1 / 0 - 10 Bar),GAS & OXY-FUEL,"Gas Hoses, Fittings & Storage",Manifold Panels,MAPPED
Auto Changeover Manifolds (2 x 1 / 0 - 6 Bar),GAS & OXY-FUEL,"Gas Hoses, Fittings & Storage",Manifold Panels,MAPPED
Auto Changeover Manifolds (MCP 2 x 1 / 0 - 10 Bar),GAS & OXY-FUEL,"Gas Hoses, Fittings & Storage",Manifold Panels,MAPPED
Auto Changeover Manifolds (MCP 2 x 1 / 0 - 6 Bar),GAS & OXY-FUEL,"Gas Hoses, Fittings & Storage",Manifold Panels,MAPPED
Automatic Pipe Cutting Machine Spares,PIPE WELDING,Pipe Cutting & Preparation,Pipe Cutting Machines,MAPPED
Automatic Pipe Cutting Machines,PIPE WELDING,Pipe Cutting & Preparation,Pipe Cutting Machines,MAPPED
Belt Driven Air Compressors,WELDING WORKSHOP,Air Tools & Compressors,Belt Driven Compressors,MAPPED
Bench & Wall Mounted Outlet Points,GAS & OXY-FUEL,Gas Regulators & Delivery,[Sub-cat],MAPPED
Bench Top Extractors,FUME EXTRACTION,On-Torch & Bench Extraction,Bench Top Extractors,MAPPED
Binzle-Style MIG Consumables,MIG WELDING,MIG Welding Torches & Parts,Binzel-Style Consumables,MAPPED
Binzle-Style MIG Torch Consumables,MIG WELDING,MIG Welding Torches & Parts,Binzel-Style Consumables,MAPPED
Black Bridge Clamps,PIPE WELDING,Pipe Welding Clamps,Bridge Clamps,MAPPED
Brazing MIG Wire,MIG WELDING,MIG Welding Wire,Brazing MIG Wire,MAPPED
Broaching Cutters,WELDING MACHINES,Specialist Welding Equipment,Broaching Cutters,MAPPED
Bulk MIG Wire,MIG WELDING,MIG Welding Wire,Bulk MIG Wire,MAPPED
Bymat Weld Cleaning Machines,TIG WELDING,TIG Welding Accessories,Weld Cleaning Equipment,MAPPED
CO2 Regulators,GAS & OXY-FUEL,Gas Regulators & Delivery,CO2 Regulators,MAPPED
Cable Reels,WELDING WORKSHOP,Welding Tools & Equipment,Cable Reels,MAPPED
Cage Pipe Clamps,PIPE WELDING,Pipe Welding Clamps,Cage Clamps,MAPPED
Carbon Arc Gouging Torches,ARC WELDING,Arc Welding Accessories,Carbon Arc Gouging Torches,MAPPED
Carbon Arc-Air Gouging Equipment,ARC WELDING,Arc Welding Accessories,[Parent],MAPPED
Cast Iron Welding Electrodes,ARC WELDING,MMA Welding Electrodes,Cast Iron,MAPPED
Ceramic Backing Strips,WELDING WORKSHOP,Welding Chemicals & Consumables,Weld Backing Ceramics,MAPPED
Ceramic Flap Discs,ABRASIVES,Finishing & Sanding Discs,Ceramic Flap Discs,MAPPED
Ceriated Tungsten Electrodes,TIG WELDING,TIG Welding Torches & Tungsten,Ceriated Tungsten,MAPPED
Chain Pipe Alignment Clamps,PIPE WELDING,Pipe Welding Clamps,Chain Clamps,MAPPED
Chop Saws / Cut-Off Saws,WELDING MACHINES,Cutting Machines,Chop Saws / Cut-Off Saws,MAPPED
Circular Saw Blades,WELDING MACHINES,Cutting Machines,Circular Saws,MAPPED
Circular Saws,WELDING MACHINES,Cutting Machines,Circular Saws,MAPPED
Circular Saws & Blades,WELDING MACHINES,Cutting Machines,Circular Saws,MAPPED
Contour Markers,PIPE WELDING,Pipe Welding Accessories,Measuring & Marking Tools,MAPPED
Copper Free MIG Wire,MIG WELDING,MIG Welding Wire,Copper Free MIG Wire,MAPPED
Copper Phosphorus Brazing Rods,GAS & OXY-FUEL,Oxy-Fuel Welding Rods,Copper Phosphorus Rods,MAPPED
Cutting & Gouging Nozzles,PLASMA CUTTING,Oxy-Fuel Cutting Nozzles,[Parent],MAPPED
Cutting & Welding Sets,GAS & OXY-FUEL,Oxy-Fuel Welding Equipment,Cutting & Welding Sets,MAPPED
Cutting Discs,ABRASIVES,Cutting & Grinding Discs,Cutting Discs,MAPPED
Cutting Guides Oxy/Acet/Propane,PLASMA CUTTING,Cutting & Gouging Accessories,Cutting Guides Oxy/Acet/Propane,MAPPED
Cutting Machines,PLASMA CUTTING,Oxy-Fuel Cutting Machines,[Parent],MAPPED
Cutting/Gouging Welding Electrodes,ARC WELDING,MMA Welding Electrodes,Cutting / Gouging,MAPPED
Cylinder Adaptors,GAS & OXY-FUEL,"Gas Hoses, Fittings & Storage",Cylinder Fittings & Adaptors,MAPPED
Cylinder Connectors,GAS & OXY-FUEL,"Gas Hoses, Fittings & Storage",Cylinder Fittings & Adaptors,MAPPED
Cylinder Extensions Right or Left Hand,GAS & OXY-FUEL,"Gas Hoses, Fittings & Storage",Cylinder Fittings & Adaptors,MAPPED
Cylinder Fittings,GAS & OXY-FUEL,"Gas Hoses, Fittings & Storage",Cylinder Fittings & Adaptors,MAPPED
DH Welding Nozzles - Oxy/Acetylene,GAS & OXY-FUEL,Oxy-Fuel Welding Equipment,Welding Nozzles (DH/HD),MAPPED
Devcon Epoxy Adhesives,WELDING WORKSHOP,Welding Chemicals & Consumables,Devcon Maintenance Products,MAPPED
Devcon Epoxy Metal Repair Putty,WELDING WORKSHOP,Welding Chemicals & Consumables,Devcon Maintenance Products,MAPPED
Devcon Flexane,WELDING WORKSHOP,Welding Chemicals & Consumables,Devcon Maintenance Products,MAPPED
Devcon Maintenance Products,WELDING WORKSHOP,Welding Chemicals & Consumables,Devcon Maintenance Products,MAPPED
Direct Drive Compressors,WELDING WORKSHOP,Air Tools & Compressors,Direct Drive Compressors,MAPPED
Disposable Shielding Gas Cylinders,MIG WELDING,MIG Welding Accessories,[Sub-cat],MAPPED
Dissimilar Steel Welding Electrodes,ARC WELDING,MMA Welding Electrodes,Dissimilar Steel,MAPPED
Double Chain Pipe Clamps,PIPE WELDING,Pipe Welding Clamps,Chain Clamps,MAPPED
Double Roll Pipe Stands,PIPE WELDING,Pipe Stands & Handling,Roller Stands,MAPPED
Double Seal Kits Complete,PIPE WELDING,Pipe Welding Accessories,Pipe Purging Equipment,MAPPED
Double Seal Purge Systems,PIPE WELDING,Pipe Welding Accessories,Pipe Purging Equipment,MAPPED
Drain Test Plugs & Stoppers,PIPE WELDING,Pipe Welding Accessories,Drain Test Plugs,MAPPED
E-Z Fit Gold Pipe Alignment Clamps,PIPE WELDING,Pipe Welding Clamps,E-Z Fit Clamps,MAPPED
Earth Clamps,ARC WELDING,Welding Cable & Connectors,Earth Clamps,MAPPED
Easykleen Plus & TIG System,TIG WELDING,TIG Welding Accessories,Weld Cleaning Equipment,MAPPED
Electrode Holders MMA,ARC WELDING,Welding Cable & Connectors,Electrode Holders,MAPPED
Euro Connection MIG Torches,MIG WELDING,MIG Welding Torches & Parts,Euro Connection MIG Torches,MAPPED
Euro MIG Torches - ERGO,MIG WELDING,MIG Welding Torches & Parts,Euro MIG Torches - ERGO,MAPPED
Exact 170 Pipe Cutting Benches,PIPE WELDING,Pipe Cutting & Preparation,Exact Pipe Saws,MAPPED
Exact Pipe Saws,PIPE WELDING,Pipe Cutting & Preparation,Exact Pipe Saws,MAPPED
Exact PipeCut for Cutting Spiral Ducting,PIPE WELDING,Pipe Cutting & Preparation,Exact Pipe Saws,MAPPED
Exact Saw Blades,PIPE WELDING,Pipe Cutting & Preparation,Exact Pipe Saws,MAPPED
Expandable Pipe Stoppers,PIPE WELDING,Pipe Welding Accessories,Pipe Purging Equipment,MAPPED
F-Tech Fume Extraction,FUME EXTRACTION,F-Tech Extraction,F-Tech Fume Extraction,MAPPED
Fibreglass Weld Backing Tape,PIPE WELDING,Pipe Welding Accessories,Weld Backing Tape,MAPPED
Filter Kits & Servicing,WELDING MACHINES,Welding Power & Cooling,Filter Kits & Servicing,MAPPED
Fire Barrier Fabric,SAFETY & PPE,Welding Workspace Safety,Fire Barrier Fabric,MAPPED
Fire Retardant Tarpaulin,SAFETY & PPE,Welding Workspace Safety,Fire Retardant Tarpaulin,MAPPED
Five Leg Pipe Stands,PIPE WELDING,Pipe Stands & Handling,V-Head Stands,MAPPED
Flange Pins,PIPE WELDING,Pipe Welding Accessories,Measuring & Marking Tools,MAPPED
Flap Discs,ABRASIVES,Finishing & Sanding Discs,Flap Discs,MAPPED
Flashback Arrestors,GAS & OXY-FUEL,Gas Regulators & Delivery,Flashback Arrestors,MAPPED
Floor Mounted Roller Stands,PIPE WELDING,Pipe Stands & Handling,Roller Stands,MAPPED
Flux Cored MIG Wire - Stainless Steel,MIG WELDING,MIG Welding Wire,Flux Cored MIG Wire,MAPPED
Flux Cored MIG Wire - Steel,MIG WELDING,MIG Welding Wire,Flux Cored MIG Wire,MAPPED
Fuel Gas Regulators,GAS & OXY-FUEL,Gas Regulators & Delivery,Fuel Gas Regulators,MAPPED
GBC Pipe Saws,PIPE WELDING,Pipe Cutting & Preparation,GBC Pipe Saws,MAPPED
Gas & Plasma Cutting Machines,PLASMA CUTTING,Oxy-Fuel Cutting Machines,[Parent],MAPPED
Gas Alarm Panels,GAS & OXY-FUEL,Gas Regulators & Delivery,Gas Alarm Panels,MAPPED
Gas Arc Auto Changeover Manifold Panels,GAS & OXY-FUEL,"Gas Hoses, Fittings & Storage",Manifold Panels,MAPPED
Gas Arc Cylinder Mounted Gas Regulators,GAS & OXY-FUEL,Gas Regulators & Delivery,[Sub-cat],MAPPED
Gas Arc Hi Flow Gas Regulators,GAS & OXY-FUEL,Gas Regulators & Delivery,[Sub-cat],MAPPED
Gas Arc High Pressure Gas Hoses,GAS & OXY-FUEL,"Gas Hoses, Fittings & Storage",High Pressure Gas Hoses,MAPPED
Gas Arc Panel Mounted Gas Regulators,GAS & OXY-FUEL,Gas Regulators & Delivery,[Sub-cat],MAPPED
Gas Arc Regulators,GAS & OXY-FUEL,Gas Regulators & Delivery,[Parent],MAPPED
Gas Arc Spares & Certificates,GAS & OXY-FUEL,Gas Regulators & Delivery,[Sub-cat],MAPPED
Gas Arc Welding Hoses,GAS & OXY-FUEL,"Gas Hoses, Fittings & Storage",[Sub-cat],MAPPED
Gas Changeover Manifold Panels,GAS & OXY-FUEL,"Gas Hoses, Fittings & Storage",Manifold Panels,MAPPED
Gas Control Header Rails,GAS & OXY-FUEL,Gas Regulators & Delivery,[Sub-cat],MAPPED
Gas Control Outlet Panels,GAS & OXY-FUEL,Gas Regulators & Delivery,[Sub-cat],MAPPED
Gas Control Outlet Points/Panels,GAS & OXY-FUEL,Gas Regulators & Delivery,[Sub-cat],MAPPED
Gas Cutting & Gouging Nozzles,PLASMA CUTTING,Oxy-Fuel Cutting Nozzles,[Parent],MAPPED
Gas Cutting Machines (Oxy-Fuel),PLASMA CUTTING,Oxy-Fuel Cutting Machines,Gas Cutting Machines (Oxy-Fuel),MAPPED
Gas Cutting Torches,GAS & OXY-FUEL,Oxy-Fuel Welding Equipment,Gas Cutting Torches,MAPPED
Gas Cylinder Brackets,GAS & OXY-FUEL,"Gas Hoses, Fittings & Storage",[Sub-cat],MAPPED
Gas Cylinder Cages,GAS & OXY-FUEL,"Gas Hoses, Fittings & Storage",Gas Cylinder Cages,MAPPED
Gas Cylinder Storage & Handling,GAS & OXY-FUEL,"Gas Hoses, Fittings & Storage",[Parent],MAPPED
Gas Cylinder Trolleys,GAS & OXY-FUEL,"Gas Hoses, Fittings & Storage",Gas Cylinder Trolleys,MAPPED
Gas Cylinder Trolleys & Handling,GAS & OXY-FUEL,"Gas Hoses, Fittings & Storage",Gas Cylinder Trolleys,MAPPED
Gas Cylinder Trolleys - Non UK Made,GAS & OXY-FUEL,"Gas Hoses, Fittings & Storage",Gas Cylinder Trolleys,MAPPED
Gas Cylinder Trolleys - Reflex UK,GAS & OXY-FUEL,"Gas Hoses, Fittings & Storage",Gas Cylinder Trolleys,MAPPED
Gas Delivery & Control,GAS & OXY-FUEL,Gas Regulators & Delivery,[Parent],MAPPED
Gas Economisers - Oxy/Acetylene,GAS & OXY-FUEL,Gas Regulators & Delivery,Gas Economisers / Flowmeters,MAPPED
Gas Economisers - Spares,GAS & OXY-FUEL,Gas Regulators & Delivery,Gas Economisers / Flowmeters,MAPPED
Gas Economisers / Flowmeters,GAS & OXY-FUEL,Gas Regulators & Delivery,Gas Economisers / Flowmeters,MAPPED
Gas Flow Components,GAS & OXY-FUEL,Gas Regulators & Delivery,[Sub-cat],MAPPED
Gas Fluxers,GAS & OXY-FUEL,Oxy-Fuel Welding Equipment,[Sub-cat],MAPPED
Gas Fluxers & Fluxes,GAS & OXY-FUEL,Oxy-Fuel Welding Equipment,[Sub-cat],MAPPED
Gas Hose and Regulator Fittings,GAS & OXY-FUEL,"Gas Hoses, Fittings & Storage",[Parent],MAPPED
Gases other than Oxy/Oxy Mixture,GAS & OXY-FUEL,"Gas Hoses, Fittings & Storage",High Pressure Gas Hoses,MAPPED
Generators,WELDING MACHINES,Welding Power & Cooling,Generators,MAPPED
Gold Bridge Alignment Clamps,PIPE WELDING,Pipe Welding Clamps,Bridge Clamps,MAPPED
Gouging Nozzles AGNM,PLASMA CUTTING,Oxy-Fuel Cutting Nozzles,Oxy/Acetylene Gouging Nozzles AGNM,MAPPED
Grinding Discs,ABRASIVES,Cutting & Grinding Discs,Grinding Discs,MAPPED
HD Welding Nozzles - Oxy/Acetylene,GAS & OXY-FUEL,Oxy-Fuel Welding Equipment,Welding Nozzles (DH/HD),MAPPED
Handheld Tungsten Grinders,TIG WELDING,TIG Welding Accessories,Tungsten Grinders - Handheld,MAPPED
Hard Facing MIG Wire,MIG WELDING,MIG Welding Wire,Hard Facing MIG Wire,MAPPED
Hard Surfacing Electrodes,ARC WELDING,MMA Welding Electrodes,Hard Surfacing,MAPPED
Heat Reflective Clothing,SAFETY & PPE,Welding Protective Clothing,Heat Reflective Clothing,MAPPED
Heavy Duty Welding Benches,WELDING WORKSHOP,Welding Benches & Tables,Heavy Duty Welding Benches,MAPPED
High Pressure Gas Regulators,GAS & OXY-FUEL,Gas Regulators & Delivery,High Pressure Regulators,MAPPED
High Strength Steel MIG Wire,MIG WELDING,MIG Welding Wire,Mild Steel MIG Wire,MAPPED
Hollow Bore Drain Test Plugs,PIPE WELDING,Pipe Welding Accessories,Drain Test Plugs,MAPPED
Hose Check Valves - Torch Fitting,GAS & OXY-FUEL,"Gas Hoses, Fittings & Storage",Hose Fittings & Couplers,MAPPED
Hose Couplers,GAS & OXY-FUEL,"Gas Hoses, Fittings & Storage",Hose Fittings & Couplers,MAPPED
Hose Fittings,GAS & OXY-FUEL,"Gas Hoses, Fittings & Storage",Hose Fittings & Couplers,MAPPED
Hose Nuts - Regulator Fitting,GAS & OXY-FUEL,"Gas Hoses, Fittings & Storage",Hose Fittings & Couplers,MAPPED
Hose Reels - Oxy-Acetylene/Propane,GAS & OXY-FUEL,"Gas Hoses, Fittings & Storage",[Sub-cat],MAPPED
Hose Tails - Regulator Fitting,GAS & OXY-FUEL,"Gas Hoses, Fittings & Storage",Hose Fittings & Couplers,MAPPED
Inert Gas Regulators,GAS & OXY-FUEL,Gas Regulators & Delivery,Inert Gas Regulators,MAPPED
Inflatable Purge Bag Systems,PIPE WELDING,Pipe Welding Accessories,Pipe Purging Equipment,MAPPED
IsoJet Stainless Steel Weld Cleaner,TIG WELDING,TIG Welding Accessories,Weld Cleaning Equipment,MAPPED
Jasic Plasma Cutter Spares,PLASMA CUTTING,Plasma Cutting Machines,Jasic Plasma Spares,MAPPED
Katbak Ceramic Backing Strips,WELDING WORKSHOP,Welding Chemicals & Consumables,Weld Backing Ceramics,MAPPED
Kemper Airwatch,FUME EXTRACTION,Kemper Filtration Systems,Kemper Airwatch,MAPPED
Kemper Central Fume/Dust Extraction,FUME EXTRACTION,Kemper Filtration Systems,Kemper Static Filter Units,MAPPED
Kemper Clean Air Systems,FUME EXTRACTION,Kemper Filtration Systems,Kemper Air Purifying,MAPPED
Kemper CleanAirTower,FUME EXTRACTION,Kemper Filtration Systems,Kemper CleanAirTower,MAPPED
Kemper Exhaust Arms & Hoods,FUME EXTRACTION,Kemper Mobile & Hi-Vac Extraction,Kemper Spares & Accessories,MAPPED
Kemper Fans,FUME EXTRACTION,Kemper Mobile & Hi-Vac Extraction,Kemper Spares & Accessories,MAPPED
Kemper Filter Tables,FUME EXTRACTION,Kemper Filtration Systems,Kemper Filter Tables,MAPPED
Kemper Filters,FUME EXTRACTION,Kemper Mobile & Hi-Vac Extraction,Kemper Spares & Accessories,MAPPED
Kemper Fume Extraction Equipment,FUME EXTRACTION,Kemper Mobile & Hi-Vac Extraction,[Parent],MAPPED
Kemper Hi Vacuum Fume Extraction,FUME EXTRACTION,Kemper Mobile & Hi-Vac Extraction,Kemper Hi-Vacuum Extraction,MAPPED
Kemper Hoses & Nozzles,FUME EXTRACTION,Kemper Mobile & Hi-Vac Extraction,Kemper Spares & Accessories,MAPPED
Kemper Lighting Sets & Start-Stop Sets,FUME EXTRACTION,Kemper Mobile & Hi-Vac Extraction,Kemper Spares & Accessories,MAPPED
Kemper Misc Parts & Accessories,FUME EXTRACTION,Kemper Mobile & Hi-Vac Extraction,Kemper Spares & Accessories,MAPPED
Kemper Mobile Fume Extraction,FUME EXTRACTION,Kemper Mobile & Hi-Vac Extraction,Kemper Mobile Fume Extraction,MAPPED
Kemper On Torch Fume Extraction,FUME EXTRACTION,On-Torch & Bench Extraction,Kemper On-Torch Extraction,MAPPED
Kemper Spares & Accessories,FUME EXTRACTION,Kemper Mobile & Hi-Vac Extraction,Kemper Spares & Accessories,MAPPED
Kemper Static Filter Units,FUME EXTRACTION,Kemper Filtration Systems,Kemper Static Filter Units,MAPPED
LGL500 Outlet Point Gas Regulators,GAS & OXY-FUEL,Gas Regulators & Delivery,[Sub-cat],MAPPED
LGP500 Outlet Point Gas Regulators,GAS & OXY-FUEL,Gas Regulators & Delivery,[Sub-cat],MAPPED
Lanthanated Tungsten Electrodes,TIG WELDING,TIG Welding Torches & Tungsten,Lanthanated Tungsten,MAPPED
Leak Detection Spray,WELDING WORKSHOP,Welding Chemicals & Consumables,Welding Chemicals & Sprays,MAPPED
Lighting Towers,WELDING MACHINES,Welding Power & Cooling,Lighting Towers,MAPPED
Lightweight Welding Nozzles,GAS & OXY-FUEL,Oxy-Fuel Welding Equipment,Lightweight Welding Nozzles,MAPPED
Lineleader Gas Control Outlet Points,GAS & OXY-FUEL,Gas Regulators & Delivery,[Sub-cat],MAPPED
Low Noise Compressors,WELDING WORKSHOP,Air Tools & Compressors,Low Noise Compressors,MAPPED
MIG Gas Welding Hoses,MIG WELDING,MIG Welding Accessories,MIG Gas Welding Hoses,MAPPED
MIG Liners,MIG WELDING,MIG Welding Torches & Parts,MIG Liners,MAPPED
MIG Torches & Consumables,MIG WELDING,MIG Welding Torches & Parts,[Parent],MAPPED
MIG Welders,MIG WELDING,MIG Welding Machines,[Parent],MAPPED
MIG Welding Nozzles,MIG WELDING,MIG Welding Torches & Parts,MIG Welding Nozzles,MAPPED
MIG Welding Supplies,MIG WELDING,MIG Welding Wire,[Parent],MAPPED
MIG Welding Wire,MIG WELDING,MIG Welding Wire,[Column],MAPPED
MMA Stick Electrodes,ARC WELDING,MMA Welding Electrodes,[Parent],MAPPED
MMA/ARC Welding Supplies,ARC WELDING,Arc/MMA Welding Machines,[Parent],MAPPED
Magnetic Drills,WELDING MACHINES,Cutting Machines,Magnetic Drills,MAPPED
Magnetic Pipe Cutting Machine Spares,PIPE WELDING,Pipe Cutting & Preparation,Pipe Cutting Machines,MAPPED
Magnetic Pipe Cutting Machines,PIPE WELDING,Pipe Cutting & Preparation,Pipe Cutting Machines,MAPPED
Magnetic Welding Positioners,WELDING WORKSHOP,Welding Tools & Equipment,Magnetic Welding Positioners,MAPPED
Magswitch Magnetic Earth Clamps,WELDING WORKSHOP,Welding Tools & Equipment,Magnetic Welding Positioners,MAPPED
Manifold & Regulator Parts/Connectors,GAS & OXY-FUEL,"Gas Hoses, Fittings & Storage",Manifold Panels,MAPPED
Manual Changeover Manifolds,GAS & OXY-FUEL,"Gas Hoses, Fittings & Storage",Manifold Panels,MAPPED
Manual Changeover Manifolds (0 - 10 Bar),GAS & OXY-FUEL,"Gas Hoses, Fittings & Storage",Manifold Panels,MAPPED
Manual Changeover Manifolds (0 - 6 Bar),GAS & OXY-FUEL,"Gas Hoses, Fittings & Storage",Manifold Panels,MAPPED
Manual Pipe Cutting Machine Spares,PIPE WELDING,Pipe Cutting & Preparation,Pipe Cutting Machines,MAPPED
Medical Trolleys & Wall Brackets,GAS & OXY-FUEL,"Gas Hoses, Fittings & Storage",[Sub-cat],MAPPED
Medium Duty Welding Benches,WELDING WORKSHOP,Welding Benches & Tables,Medium Duty Welding Benches,MAPPED
Mega-Pipe Stands,PIPE WELDING,Pipe Stands & Handling,Roller Stands,MAPPED
Metal Saws & Magnetic Drills,WELDING MACHINES,Cutting Machines,[Parent],MAPPED
Mild Steel MIG Wire,MIG WELDING,MIG Welding Wire,Mild Steel MIG Wire,MAPPED
Mobile Work Benches with Steel Top,WELDING WORKSHOP,Welding Benches & Tables,Mobile Work Benches,MAPPED
Mosa Welder Generators,WELDING MACHINES,Welding Power & Cooling,Mosa Welder Generators,MAPPED
Multi Process Welding Machines,WELDING MACHINES,Welding Machines,Multi Process Welders,MAPPED
Multi-Stand Pipe Stands,PIPE WELDING,Pipe Stands & Handling,Roller Stands,MAPPED
NEVOC Regulators,GAS & OXY-FUEL,Gas Regulators & Delivery,NEVOC Regulators,MAPPED
NFF Cutting Nozzles,PLASMA CUTTING,Oxy-Fuel Cutting Nozzles,NFF Cutting Nozzles,MAPPED
Nylon Drain Test Plugs,PIPE WELDING,Pipe Welding Accessories,Drain Test Plugs,MAPPED
Offers & Deals,RED BANNER STRIP,Offers Banner,Shop our latest offers & deals,MAPPED
On Torch Fume Extraction & Accessories,FUME EXTRACTION,On-Torch & Bench Extraction,On-Torch Fume Extraction,MAPPED
Outlet Point Gas Regulators,GAS & OXY-FUEL,Gas Regulators & Delivery,[Sub-cat],MAPPED
Oxy Fuel Hoses,GAS & OXY-FUEL,"Gas Hoses, Fittings & Storage",Oxy Fuel Hoses,MAPPED
Oxy Fuel Nozzles,PLASMA CUTTING,Oxy-Fuel Cutting Nozzles,[Parent],MAPPED
Oxy Fuel Torches,GAS & OXY-FUEL,Oxy-Fuel Welding Equipment,[Parent],MAPPED
Oxy Propane Gouging Nozzles PGNM,PLASMA CUTTING,Oxy-Fuel Cutting Nozzles,Oxy Propane Gouging Nozzles PGNM,MAPPED
Oxy-Acetylene Torches,GAS & OXY-FUEL,Oxy-Fuel Welding Equipment,Oxy-Acetylene Torches,MAPPED
Oxy-Acetylene Welding Rods,GAS & OXY-FUEL,Oxy-Fuel Welding Rods,[Parent],MAPPED
Oxy-Acetylene Welding Rods - Aluminium,GAS & OXY-FUEL,Oxy-Fuel Welding Rods,Aluminium Welding Rods,MAPPED
Oxy-Acetylene Welding Rods - Brazing,GAS & OXY-FUEL,Oxy-Fuel Welding Rods,Brazing Rods,MAPPED
Oxy-Acetylene Welding Rods - Steel,GAS & OXY-FUEL,Oxy-Fuel Welding Rods,Steel Welding Rods,MAPPED
Oxy-Fuel Equipment,GAS & OXY-FUEL,Oxy-Fuel Welding Equipment,[Parent],MAPPED
Oxy-Propane Torches,GAS & OXY-FUEL,Oxy-Fuel Welding Equipment,Oxy-Propane Torches,MAPPED
Oxy/Acetylene Cutting Nozzle ANME,PLASMA CUTTING,Oxy-Fuel Cutting Nozzles,Oxy/Acetylene Cutting Nozzles ANME,MAPPED
Oxy/Acetylene Cutting Nozzles ANME,PLASMA CUTTING,Oxy-Fuel Cutting Nozzles,Oxy/Acetylene Cutting Nozzles ANME,MAPPED
Oxy/Acetylene Gouging Nozzles AGNM,PLASMA CUTTING,Oxy-Fuel Cutting Nozzles,Oxy/Acetylene Gouging Nozzles AGNM,MAPPED
Oxy/Propane Cutting Nozzle PNM,PLASMA CUTTING,Oxy-Fuel Cutting Nozzles,Oxy/Propane Cutting Nozzles PNM,MAPPED
Oxy/Propane Cutting Nozzle PNME,PLASMA CUTTING,Oxy-Fuel Cutting Nozzles,Oxy/Propane Cutting Nozzles PNM,MAPPED
Oxy/Propane Cutting Nozzles PNM/PNME,PLASMA CUTTING,Oxy-Fuel Cutting Nozzles,Oxy/Propane Cutting Nozzles PNM,MAPPED
Oxygen High Pressure Flexible Gas Hoses,GAS & OXY-FUEL,"Gas Hoses, Fittings & Storage",High Pressure Gas Hoses,MAPPED
Oxygen Regulators,GAS & OXY-FUEL,Gas Regulators & Delivery,Oxygen Regulators,MAPPED
PDQ Pipe Alignment Clamps,PIPE WELDING,Pipe Welding Clamps,PDQ Clamps,MAPPED
Paint Spray Guns & Accessories,WELDING WORKSHOP,Air Tools & Compressors,Paint Spray Guns,MAPPED
Pedestal/Column Spot Welders,WELDING MACHINES,Welding Machines,Spot Welders - Pedestal,MAPPED
Petrol Air Compressors,WELDING WORKSHOP,Air Tools & Compressors,Petrol Air Compressors,MAPPED
Pickling & Neutralising Agents,TIG WELDING,TIG Welding Accessories,Pickling & Neutralising Agents,MAPPED
Pincer Pipe Clamps,PIPE WELDING,Pipe Welding Clamps,Pincer Clamps,MAPPED
Pipe Bench System Accessories,PIPE WELDING,Pipe Cutting & Preparation,Exact Pipe Saws,MAPPED
Pipe Bevelling Machines & Tools,PIPE WELDING,Pipe Cutting & Preparation,Pipe Bevelling Machines,MAPPED
Pipe Centering Heads,PIPE WELDING,Pipe Welding Accessories,Measuring & Marking Tools,MAPPED
Pipe Conveyors,PIPE WELDING,Pipe Stands & Handling,Pipe Conveyors,MAPPED
Pipe Cutting Equipment,PIPE WELDING,Pipe Cutting & Preparation,[Parent],MAPPED
Pipe Cutting Machines,PIPE WELDING,Pipe Cutting & Preparation,Pipe Cutting Machines,MAPPED
Pipe Cutting Machines (Oxy-Acetylene),PLASMA CUTTING,Oxy-Fuel Cutting Machines,Pipe Cutting Machines (Oxy),MAPPED
Pipe Measuring & Marking Tools,PIPE WELDING,Pipe Welding Accessories,Measuring & Marking Tools,MAPPED
Pipe Prep Blades,PIPE WELDING,Pipe Cutting & Preparation,Pipe Bevelling Machines,MAPPED
Pipe Purging Equipment,PIPE WELDING,Pipe Welding Accessories,Pipe Purging Equipment,MAPPED
Pipe Roller Stands,PIPE WELDING,Pipe Stands & Handling,Roller Stands,MAPPED
Pipe Rotators,PIPE WELDING,Pipe Stands & Handling,Pipe Rotators,MAPPED
Pipe Saw Spares & Roller Supports,PIPE WELDING,Pipe Cutting & Preparation,[Sub-cat],MAPPED
Pipe Saws,PIPE WELDING,Pipe Cutting & Preparation,[Parent],MAPPED
Pipe Stands,PIPE WELDING,Pipe Stands & Handling,[Parent],MAPPED
Pipe Welding & Cutting Equipment,PIPE WELDING,Pipe Stands & Handling,[Parent],MAPPED
Pipe Welding Clamps,PIPE WELDING,Pipe Welding Clamps,[Parent],MAPPED
Pipe Welding Tools & Accessories,PIPE WELDING,Pipe Welding Accessories,[Parent],MAPPED
Pipe Wrap,PIPE WELDING,Pipe Welding Accessories,Pipe Wrap,MAPPED
Plasma Cutters,PLASMA CUTTING,Plasma Cutting Machines,Plasma Cutters,MAPPED
Plasma Cutting Equipment,PLASMA CUTTING,Plasma Cutting Machines,[Parent],MAPPED
Plasma Cutting Torches,PLASMA CUTTING,Plasma Cutting Machines,Plasma Cutting Torches,MAPPED
Plasma Torch Spares,PLASMA CUTTING,Plasma Cutting Machines,[Sub-cat],MAPPED
Plate Bevellers,PLASMA CUTTING,Oxy-Fuel Cutting Machines,Plate Bevellers,MAPPED
Plier Sets,WELDING WORKSHOP,Welding Tools & Equipment,Tool Kit Sets & Cabinets,MAPPED
Portable Spot Welders,WELDING MACHINES,Welding Machines,Spot Welders - Portable,MAPPED
Pre-formed Self Adhesive Purge Dams,PIPE WELDING,Pipe Welding Accessories,Pipe Purging Equipment,MAPPED
Prep 2 Pipe Preparation Machines,PIPE WELDING,Pipe Cutting & Preparation,Pipe Bevelling Machines,MAPPED
Prep 3 Pipe Preparation Machines,PIPE WELDING,Pipe Cutting & Preparation,Pipe Bevelling Machines,MAPPED
Prep 4 Pipe Preparation Machines,PIPE WELDING,Pipe Cutting & Preparation,Pipe Bevelling Machines,MAPPED
Prep 8 Pipe Preparation Machines,PIPE WELDING,Pipe Cutting & Preparation,Pipe Bevelling Machines,MAPPED
Protective Eyewear,SAFETY & PPE,Welding Helmets & Eye Protection,[Parent],MAPPED
Purge Gas Retaining Tape,PIPE WELDING,Pipe Welding Accessories,Pipe Purging Equipment,MAPPED
Quattro Pipe Stands,PIPE WELDING,Pipe Stands & Handling,V-Head Stands,MAPPED
Radius Markers,PIPE WELDING,Pipe Welding Accessories,Measuring & Marking Tools,MAPPED
Re-usable Cable Lugs,ARC WELDING,Welding Cable & Connectors,Re-usable Cable Lugs,MAPPED
Recoil Air Hoses (uPVC),WELDING WORKSHOP,Air Tools & Compressors,Air Hoses & Accessories,MAPPED
Refrigerated Air Dryers,WELDING WORKSHOP,Air Tools & Compressors,Refrigerated Air Dryers,MAPPED
Regulator Bull Nose & Nevoc Stem & Nut,GAS & OXY-FUEL,"Gas Hoses, Fittings & Storage",Hose Fittings & Couplers,MAPPED
Regulator Stems & Fittings,GAS & OXY-FUEL,"Gas Hoses, Fittings & Storage",Hose Fittings & Couplers,MAPPED
Respirator Masks,SAFETY & PPE,Welding Helmets & Eye Protection,Respirator Masks,MAPPED
Roller Pipe Stands,PIPE WELDING,Pipe Stands & Handling,Roller Stands,MAPPED
Safety Equipment,SAFETY & PPE,Welding Helmets & Eye Protection,[Parent],MAPPED
Safety Goggles,SAFETY & PPE,Welding Helmets & Eye Protection,Safety Goggles,MAPPED
Safety Spectacles,SAFETY & PPE,Welding Helmets & Eye Protection,Safety Spectacles,MAPPED
Safety Visors,SAFETY & PPE,Welding Helmets & Eye Protection,Safety Visors,MAPPED
Sanding Discs,ABRASIVES,Finishing & Sanding Discs,Sanding Discs,MAPPED
Screw Compressors,WELDING WORKSHOP,Air Tools & Compressors,Screw Compressors,MAPPED
Screwdriver Sets,WELDING WORKSHOP,Welding Tools & Equipment,Tool Kit Sets & Cabinets,MAPPED
Servicing & Parts,WELDING MACHINES,Welding Power & Cooling,Filter Kits & Servicing,MAPPED
Siamese Twin Welding Hoses - 100m Rolls,GAS & OXY-FUEL,"Gas Hoses, Fittings & Storage",Twin Welding Hoses,MAPPED
Sif Weld Cut 100 Spares,PLASMA CUTTING,Plasma Cutting Machines,Weldability Plasma Spares,MAPPED
Sif Weld Cut 40 Spares,PLASMA CUTTING,Plasma Cutting Machines,Weldability Plasma Spares,MAPPED
Silver Solder Welding Rods,GAS & OXY-FUEL,Oxy-Fuel Welding Rods,Silver Solder Rods,MAPPED
Single Chain Pipe Clamps,PIPE WELDING,Pipe Welding Clamps,Chain Clamps,MAPPED
Single Tube Pipe Stands,PIPE WELDING,Pipe Stands & Handling,V-Head Stands,MAPPED
Socket Sets,WELDING WORKSHOP,Welding Tools & Equipment,Tool Kit Sets & Cabinets,MAPPED
Spares & Accessories,WELDING MACHINES,Welding Power & Cooling,Spares & Accessories,MAPPED
Special Blades,PIPE WELDING,Pipe Cutting & Preparation,Exact Pipe Saws,MAPPED
Spider Pipe Clamps,PIPE WELDING,Pipe Welding Clamps,Spider Clamps,MAPPED
Spill Containment & Response Kits,SAFETY & PPE,Welding Workspace Safety,Spill Containment Kits,MAPPED
Spot Welders,WELDING MACHINES,Welding Machines,[Parent],MAPPED
Spot Welding Electrodes,WELDING MACHINES,Specialist Welding Equipment,Spot Welding Electrodes,MAPPED
Stainless Brighteners & Rust Remover,TIG WELDING,TIG Welding Accessories,Weld Cleaning Equipment,MAPPED
Stainless Steel CD Weld Studs,ARC WELDING,Arc Welding Accessories,Weld Studs - Stainless Steel,MAPPED
Stainless Steel MIG Wire,MIG WELDING,MIG Welding Wire,Stainless Steel MIG Wire,MAPPED
Stainless Steel Weld Cleaning Equipment,TIG WELDING,TIG Welding Accessories,Weld Cleaning Equipment,MAPPED
Stainless Steel Welding Electrodes,ARC WELDING,MMA Welding Electrodes,Stainless Steel,MAPPED
Stainless Steel Work Benches,WELDING WORKSHOP,Welding Benches & Tables,Stainless Steel Benches,MAPPED
Stainless Steel Work Benches with Drawer & Cupboard,WELDING WORKSHOP,Welding Benches & Tables,Stainless Steel Benches,MAPPED
Stainless Steel Work Benches with Lower Shelves,WELDING WORKSHOP,Welding Benches & Tables,Stainless Steel Benches,MAPPED
Steel & Low Hydrogen Electrodes,ARC WELDING,MMA Welding Electrodes,Steel & Low Hydrogen,MAPPED
Steel Top Welding Benches,WELDING WORKSHOP,Welding Benches & Tables,Heavy Duty Welding Benches,MAPPED
Straight Adaptors,GAS & OXY-FUEL,"Gas Hoses, Fittings & Storage",Hose Fittings & Couplers,MAPPED
Straight Line Cutting Machines,PLASMA CUTTING,Oxy-Fuel Cutting Machines,Straight Line Cutting Machines,MAPPED
Strip Curtains,SAFETY & PPE,Welding Workspace Safety,Welding Strip Curtains,MAPPED
Stud Welders - Capacitor Discharge (CD),ARC WELDING,Arc Welding Accessories,Stud Welders (CD),MAPPED
Stud Welding Equipment,ARC WELDING,Arc Welding Accessories,Stud Welders (CD),MAPPED
Super Heavy Duty Work Benches,WELDING WORKSHOP,Welding Benches & Tables,Super Heavy Duty Benches,MAPPED
Superstrike AC/DC Tungsten Electrodes,TIG WELDING,TIG Welding Torches & Tungsten,Superstrike AC/DC,MAPPED
TAG ‘E-Z’ Pipe Saws,PIPE WELDING,Pipe Cutting & Preparation,TAG Pipe Saws,MAPPED
TIG Filler Rods for Aluminium,TIG WELDING,TIG Welding Filler Rods,Aluminium,MAPPED
TIG Filler Rods for Brazing/Bronze Welding,TIG WELDING,TIG Welding Filler Rods,Brazing / Bronze,MAPPED
TIG Filler Rods for Copper/Copper-Nickel,TIG WELDING,TIG Welding Filler Rods,Copper / Copper-Nickel,MAPPED
TIG Filler Rods for Dissimilar Steels,TIG WELDING,TIG Welding Filler Rods,Dissimilar Steels,MAPPED
TIG Filler Rods for Duplex Stainless Steel,TIG WELDING,TIG Welding Filler Rods,Duplex Stainless Steel,MAPPED
TIG Filler Rods for Hard Facing,TIG WELDING,TIG Welding Filler Rods,Hard Facing,MAPPED
TIG Filler Rods for High Strength Steel,TIG WELDING,TIG Welding Filler Rods,Mild Steel,MAPPED
TIG Filler Rods for Magnesium,TIG WELDING,TIG Welding Filler Rods,Magnesium,MAPPED
TIG Filler Rods for Mild Steel,TIG WELDING,TIG Welding Filler Rods,Mild Steel,MAPPED
TIG Filler Rods for Nickel Alloy,TIG WELDING,TIG Welding Filler Rods,Nickel Alloy,MAPPED
TIG Filler Rods for Stainless Steel,TIG WELDING,TIG Welding Filler Rods,Stainless Steel,MAPPED
TIG Filler Rods for Titanium,TIG WELDING,TIG Welding Filler Rods,Titanium,MAPPED
TIG Torch Adaptors,TIG WELDING,TIG Welding Torches & Tungsten,TIG Torch Adaptors,MAPPED
TIG Torch Adaptors & Switches,TIG WELDING,TIG Welding Torches & Tungsten,TIG Torch Adaptors,MAPPED
TIG Torch Consumables,TIG WELDING,TIG Welding Torches & Tungsten,TIG Torch Consumables,MAPPED
TIG Torches & Spare Parts,TIG WELDING,TIG Welding Torches & Tungsten,TIG Torches & Spare Parts,MAPPED
TIG Wand Rapid,TIG WELDING,TIG Welding Accessories,Weld Cleaning Equipment,MAPPED
TIG Welders,TIG WELDING,TIG Welding Machines,[Parent],MAPPED
TIG Welding Rods,TIG WELDING,TIG Welding Filler Rods,[Parent],MAPPED
TIG Welding Supplies,TIG WELDING,TIG Welding Machines,[Parent],MAPPED
Tech Master Isolation Valves,GAS & OXY-FUEL,Gas Regulators & Delivery,[Sub-cat],MAPPED
Tecna Pedestal Spot Welding Electrodes,WELDING MACHINES,Specialist Welding Equipment,Spot Welding Electrodes,MAPPED
Temperature Indicator Pens,WELDING WORKSHOP,Welding Tools & Equipment,Temperature Indicator Pens,MAPPED
Thermal Dynamics Compat Spares,PLASMA CUTTING,Plasma Cutting Machines,Thermal Dynamics Spares,MAPPED
Thermal Dynamics Type PCH-35,PLASMA CUTTING,Plasma Cutting Machines,Thermal Dynamics Spares,MAPPED
Thermal Dynamics Type PCH-51,PLASMA CUTTING,Plasma Cutting Machines,Thermal Dynamics Spares,MAPPED
Thermal Dynamics Type PCH-52,PLASMA CUTTING,Plasma Cutting Machines,Thermal Dynamics Spares,MAPPED
Thermal Dynamics Type PCH-70,PLASMA CUTTING,Plasma Cutting Machines,Thermal Dynamics Spares,MAPPED
Thermal Spray Equipment & Powder,WELDING MACHINES,Specialist Welding Equipment,Thermal Spray Equipment,MAPPED
Thermal Spray Powders,WELDING MACHINES,Specialist Welding Equipment,Thermal Spray Equipment,MAPPED
Thoriated Tungsten Electrodes,TIG WELDING,TIG Welding Torches & Tungsten,Thoriated Tungsten,MAPPED
Tool Balancers,WELDING MACHINES,Specialist Welding Equipment,Tool Balancers,MAPPED
Tool Boxes & Cabinets,WELDING WORKSHOP,Welding Tools & Equipment,Tool Kit Sets & Cabinets,MAPPED
Tool Kit Sets & Cabinets,WELDING WORKSHOP,Welding Tools & Equipment,Tool Kit Sets & Cabinets,MAPPED
Tri-Stands & Pipe Jacks,PIPE WELDING,Pipe Stands & Handling,V-Head Stands,MAPPED
Tungsten Electrodes,TIG WELDING,TIG Welding Torches & Tungsten,[Parent],MAPPED
Tungsten Grinders,TIG WELDING,TIG Welding Accessories,[Parent],MAPPED
Tungsten Grinders - Bench Mounted,TIG WELDING,TIG Welding Accessories,Tungsten Grinders - Bench,MAPPED
Tungsten Grinders with Extractors,TIG WELDING,TIG Welding Accessories,Tungsten Grinders w/ Extractors,MAPPED
Twin Outlet Valves,GAS & OXY-FUEL,"Gas Hoses, Fittings & Storage",Cylinder Fittings & Adaptors,MAPPED
Twin Welding Hoses,GAS & OXY-FUEL,"Gas Hoses, Fittings & Storage",Twin Welding Hoses,MAPPED
Twin Welding Hoses - Fitted Set,GAS & OXY-FUEL,"Gas Hoses, Fittings & Storage",Twin Welding Hoses,MAPPED
Type 3/5 HD Torch Components,GAS & OXY-FUEL,Oxy-Fuel Welding Equipment,Type 3/5 HD Torch Components,MAPPED
V Head Stands,PIPE WELDING,Pipe Stands & Handling,V-Head Stands,MAPPED
VVC Cutting Nozzles,PLASMA CUTTING,Oxy-Fuel Cutting Nozzles,VVC Cutting Nozzles,MAPPED
Victor Cutting Nozzles,PLASMA CUTTING,Oxy-Fuel Cutting Nozzles,Victor Cutting Nozzles,MAPPED
WSL - On Torch Fume Extractors,FUME EXTRACTION,On-Torch & Bench Extraction,WSL On-Torch Extraction,MAPPED
Water Soluble Welding Products,PIPE WELDING,Pipe Welding Accessories,[Sub-cat],MAPPED
Weld Backing Ceramics & Tapes,WELDING WORKSHOP,Welding Chemicals & Consumables,Weld Backing Ceramics,MAPPED
Weld Backing Tape,PIPE WELDING,Pipe Welding Accessories,Weld Backing Tape,MAPPED
Weld Backing Tapes,PIPE WELDING,Pipe Welding Accessories,Weld Backing Tape,MAPPED
Weld Cleaning Equipment,TIG WELDING,TIG Welding Accessories,Weld Cleaning Equipment,MAPPED
Weld Purge Monitors,PIPE WELDING,Pipe Welding Accessories,Pipe Purging Equipment,MAPPED
Weld Studs,ARC WELDING,Arc Welding Accessories,[Parent],MAPPED
Weldability Plasma Cutter Spares,PLASMA CUTTING,Plasma Cutting Machines,Weldability Plasma Spares,MAPPED
Welder Generators,WELDING MACHINES,Welding Power & Cooling,Welder Generators,MAPPED
Welder Water Coolers,TIG WELDING,TIG Welding Accessories,Welder Water Coolers,MAPPED
Welding & Marking Tools,WELDING WORKSHOP,Welding Tools & Equipment,[Parent],MAPPED
Welding Aprons,SAFETY & PPE,Welding Protective Clothing,Welding Aprons,MAPPED
Welding Bench Accessories,WELDING WORKSHOP,Welding Benches & Tables,Bench Accessories,MAPPED
Welding Benches & Tables,WELDING WORKSHOP,Welding Benches & Tables,[Parent],MAPPED
Welding Blankets & Mats,SAFETY & PPE,Welding Workspace Safety,Welding Blankets & Mats,MAPPED
Welding Cable (Copper/PVC),ARC WELDING,Welding Cable & Connectors,Welding Cable (Copper/PVC),MAPPED
Welding Cable (Copper/Rubber),ARC WELDING,Welding Cable & Connectors,Welding Cable (Copper/Rubber),MAPPED
Welding Cable (Double Insulated),ARC WELDING,Welding Cable & Connectors,Double Insulated Cable,MAPPED
Welding Cable - Plugs & Sockets,ARC WELDING,Welding Cable & Connectors,Cable Plugs & Sockets,MAPPED
Welding Cable Sets,ARC WELDING,Welding Cable & Connectors,Welding Cable Sets,MAPPED
Welding Cable and Accessories,ARC WELDING,Welding Cable & Connectors,[Parent],MAPPED
Welding Capes & Sleeves,SAFETY & PPE,Welding Protective Clothing,Welding Capes & Sleeves,MAPPED
Welding Caps & Balaclavas,SAFETY & PPE,Welding Protective Clothing,Welding Caps & Balaclavas,MAPPED
Welding Chemicals and Sprays,WELDING WORKSHOP,Welding Chemicals & Consumables,Welding Chemicals & Sprays,MAPPED
Welding Clothing,SAFETY & PPE,Welding Protective Clothing,[Parent],MAPPED
Welding Consumables & Supplies,WELDING WORKSHOP,Welding Chemicals & Consumables,[Parent],MAPPED
Welding Curtain Frames & Arms,SAFETY & PPE,Welding Workspace Safety,Welding Screens & Curtains,MAPPED
Welding Curtains & Frames - Defender,SAFETY & PPE,Welding Workspace Safety,Welding Screens & Curtains,MAPPED
Welding Curtains & Frames - Standard,SAFETY & PPE,Welding Workspace Safety,Welding Screens & Curtains,MAPPED
Welding Curtains & Frames - Tusker,SAFETY & PPE,Welding Workspace Safety,Welding Screens & Curtains,MAPPED
Welding Electrode Quivers and Ovens,ARC WELDING,Arc Welding Accessories,Electrode Quivers & Ovens,MAPPED
Welding Equipment,WELDING MACHINES,Welding Machines,[Parent],MAPPED
Welding Fluxes,GAS & OXY-FUEL,Oxy-Fuel Welding Equipment,[Sub-cat],MAPPED
Welding Fume Extraction,FUME EXTRACTION,Kemper Mobile & Hi-Vac Extraction,[Parent],MAPPED
Welding Gas Hoses,GAS & OXY-FUEL,"Gas Hoses, Fittings & Storage",[Parent],MAPPED
Welding Gauges,WELDING WORKSHOP,Welding Tools & Equipment,Welding Gauges,MAPPED
Welding Gloves & Gauntlets,SAFETY & PPE,Welding Protective Clothing,Welding Gloves & Gauntlets,MAPPED
Welding Goggles & Spectacles,SAFETY & PPE,Welding Helmets & Eye Protection,[Parent],MAPPED
Welding Helmet Spares,SAFETY & PPE,Welding Helmets & Eye Protection,Welding Helmet Spares,MAPPED
Welding Helmets,SAFETY & PPE,Welding Helmets & Eye Protection,Auto-Darkening Welding Helmets,MAPPED
Welding Helmets & Masks,SAFETY & PPE,Welding Helmets & Eye Protection,[Parent],MAPPED
Welding Hoses - Bulk Coils,GAS & OXY-FUEL,"Gas Hoses, Fittings & Storage",[Sub-cat],MAPPED
Welding Hoses - Fitted Single Lengths,GAS & OXY-FUEL,"Gas Hoses, Fittings & Storage",[Sub-cat],MAPPED
Welding Jackets,SAFETY & PPE,Welding Protective Clothing,Welding Jackets,MAPPED
Welding Jackets & Trousers - Standard,SAFETY & PPE,Welding Protective Clothing,Welding Jackets,MAPPED
Welding Masks,SAFETY & PPE,Welding Helmets & Eye Protection,Welding Masks,MAPPED
Welding Nozzles,GAS & OXY-FUEL,Oxy-Fuel Welding Equipment,Welding Nozzles (DH/HD),MAPPED
Welding Overalls,SAFETY & PPE,Welding Protective Clothing,Welding Overalls,MAPPED
Welding Screens & Curtains,SAFETY & PPE,Welding Workspace Safety,Welding Screens & Curtains,MAPPED
Welding Strip Curtains,SAFETY & PPE,Welding Workspace Safety,Welding Strip Curtains,MAPPED
Welding Tents & Work Shelters,SAFETY & PPE,Welding Workspace Safety,Welding Tents & Shelters,MAPPED
Welding Tools,WELDING WORKSHOP,Welding Tools & Equipment,[Parent],MAPPED
Welding Tools & Benches,WELDING WORKSHOP,Welding Benches & Tables,[Parent],MAPPED
Welding Trousers & Spats,SAFETY & PPE,Welding Protective Clothing,Welding Trousers & Spats,MAPPED
Work Holding Devices - Fixed Angle,WELDING WORKSHOP,Welding Tools & Equipment,Magnetic Welding Positioners,MAPPED
Work Holding Devices - Variable Angle,WELDING WORKSHOP,Welding Tools & Equipment,Magnetic Welding Positioners,MAPPED
Wrench Sets,WELDING WORKSHOP,Welding Tools & Equipment,Tool Kit Sets & Cabinets,MAPPED
Zirconiated Tungsten Electrodes,TIG WELDING,TIG Welding Torches & Tungsten,Zirconiated Tungsten,MAPPED
mepBlitz Elecro Polisher,TIG WELDING,TIG Welding Accessories,Weld Cleaning Equipment,MAPPED
